<?xml version="1.0"?>
<ruleset>
	<file>.</file>
	<arg name="extensions" value="php,php5,inc" />
	<arg name="encoding" value="UTF-8" />

	<rule ref="./vendor/mediawiki/mediawiki-codesniffer/MediaWiki">
		<!-- TODO: missing documentation: this can be fixed -->
		<exclude name="MediaWiki.Commenting.FunctionComment.MissingDocumentationProtected" />
		<exclude name="MediaWiki.Commenting.FunctionComment.MissingDocumentationPublic" />

		<!-- NOTE: can't fix this yet, because we still support MediaWiki 1.31 (LTS),
			which supported PHP 7.0, while "visibility of constants" was only added in PHP 7.1.
		-->
		<exclude name="PSR12.Properties.ConstantVisibility.NotFound" />

		<!-- Don't want to apply this -->
		<exclude name="MediaWiki.WhiteSpace.SpaceBeforeSingleLineComment.NewLineComment" />

	</rule>

	<rule ref="MediaWiki.Commenting.FunctionComment.MissingParamTag">
		<!-- TODO: missing documentation in blackbox tests: this can be fixed -->
		<exclude-pattern>*/tests/phpunit/framework/*</exclude-pattern>
	</rule>

	<rule ref="MediaWiki.Usage.DeprecatedGlobalVariables.Deprecated$wgContLang">
		<!-- $wgContLang was deprecated in MediaWiki 1.32,
			but we still support MediaWiki 1.31 (which didn't have a method that replaced it).
		-->
		<exclude-pattern>*/util/ModerationCompatTools.php</exclude-pattern>
		<exclude-pattern>*/tests/phpunit/framework/engine/cli/InvokedWikiSettings.php</exclude-pattern>
	</rule>

	<rule ref="MediaWiki.Files.ClassMatchesFilename.NotMatch">
		<!-- Benchmark scripts should have short names, not full class names -->
		<exclude-pattern>*/tests/benchmarks/*</exclude-pattern>

		<!-- This test is named ModerationActionUnitTest
			to avoid class name collision with [decoupled/30_action/ModerationActionTest.php] -->
		<exclude-pattern>*/tests/phpunit/consequence/ModerationActionTest\.php</exclude-pattern>

		<!-- This test is named ModerationNotifyModeratorIntegrationTest
			to avoid class name collision with [tests/phpunit/consequence/ModerationNotifyModeratorTest.php] -->
		<exclude-pattern>*/tests/phpunit/blackbox/ModerationNotifyModeratorTest.php</exclude-pattern>

		<!-- This test is named ModerationPreloadIntegrationTest
			to avoid class name collision with [tests/phpunit/consequence/ModerationPreloadTest.php] -->
		<exclude-pattern>*/tests/phpunit/blackbox/ModerationPreloadTest.php</exclude-pattern>

		<!-- This test is named ModerationPageFormsIntegrationTest
			to avoid class name collision with [tests/phpunit/consequence/ModerationPageFormsTest.php] -->
		<exclude-pattern>*/tests/phpunit/blackbox/ModerationPageFormsTest.php</exclude-pattern>

		<!-- Excluded (temporarily?) to not rename the existing files -->
		<exclude-pattern>*/tests/phpunit/framework/ModerationTestSet\.php</exclude-pattern>
		<exclude-pattern>*/tests/phpunit/framework/ModerationPendingChangeTestSet\.php</exclude-pattern>
		<exclude-pattern>*/tests/phpunit/framework/bot/response/ModerationTestsuiteBotResponseTrait\.php</exclude-pattern>
		<exclude-pattern>*/tests/phpunit/framework/engine/cli/MockAutoLoader\.php</exclude-pattern>
	</rule>

	<rule ref="MediaWiki.NamingConventions.ValidGlobalName">
		<properties>
			<!-- Global variable $IP must be used directly in [ModerationTestsuiteCliEngine.php] -->
			<property name="ignoreList" type="array" value="$IP" />
		</properties>
	</rule>

	<rule ref="MediaWiki.NamingConventions.LowerCamelFunctionsName">
		<!-- Function onRecentChange_save() shouldn't have "_" replaced with CamelCase,
			because "RecentChange_save" is a name of MediaWiki hook handler. -->
		<exclude-pattern>*/hooks/ModerationApproveHook.php</exclude-pattern>
	</rule>
</ruleset>
